Abbott
Abernathy
Abilene
Abram
Ackerly
Addison
Adrian
Agua_Dulce
Agua_Dulce
Aguilares
Airport_Heights
Airport_Road_Addition
Alamo
Alamo_Heights
Alba
Albany
Aldine
Aledo
Alfred
Alice
Alice_Acres
Allen
Alma
Alpine
Alto
Alto_Bonito_Heights
Alton
Alvarado
Alvin
Alvord
Amada_Acres
Amargosa
Amarillo
Amaya
Ames
Amherst
Amistad
Anacua
Anahuac
Anderson
Andrews
Angleton
Angus
Anna
Annetta
Annetta_North
Annetta_South
Annona
Anson
Anthony
Anton
Appleby
Aquilla
Aransas_Pass
Archer_City
Arcola
Argyle
Arlington
Arp
Arroyo_Colorado_Estates
Arroyo_Gardens
Asherton
Aspermont
Atascocita
Athens
Atlanta
Aubrey
Aurora
Austin
Austwell
Avery
Avinger
Azle
Bacliff
Bailey
Bailey's_Prairie
Baird
Balch_Springs
Balcones_Heights
Ballinger
Balmorhea
B_and_E
Bandera
Bangs
Banquete
Bardwell
Barrera
Barrett
Barry
Barstow
Bartlett
Barton_Creek
Bartonville
Bastrop
Batesville
Bay_City
Bayou_Vista
Bayside
Bay
Bayview
Beach_City
Bear_Creek
Beasley
Beaumont
Beckville
Bedford
Bedias
Bee_Cave
Beeville
Bellaire
Bellevue
Bellmead
Bells
Bellville
Belton
Benavides
Benbrook
Benjamin
Benjamin_Perez
Berryville
Bertram
Beverly_Hills
Bevil_Oaks
Bigfoot
Big_Lake
Big_Sandy
Big_Spring
Big_Thicket_Lake_Estates
Big_Wells
Bishop
Bishop_Hills
Bixby
Blackwell
Blanco
Blanket
Blessing
Bloomburg
Blooming_Grove
Bloomington
Blossom
Blue_Berry_Hill
Blue_Mound
Blue_Ridge
Blue
Blum
Boerne
Bogata
Boling
Bolivar_Peninsula
Bonanza_Hills
Bonham
Bonney
Booker
Borger
Botines
Bovina
Bowie
Box_Canyon
Boyd
Boys_Ranch
Brackettville
Brady
Brazoria
Brazos_Bend
Brazos_Country
Breckenridge
Bremond
Brenham
Briar
Briarcliff
Briaroaks
Bridge_City
Bridgeport
Bristol
Broaddus
Bronte
Brookshire
Brookside_Village
Browndell
Brownfield
Brownsboro
Brownsville
Brownwood
Bruceville-Eddy
Brundage
Bruni
Brushy_Creek
Bryan
Bryson
Buchanan_Dam
Buchanan_Lake_Village
Buckholts
Buda
Buena_Vista
Buffalo
Buffalo_Gap
Buffalo_Springs
Bullard
Bulverde
Buna
Bunker_Hill_Village
Burkburnett
Burke
Burleson
Burnet
Burton
Butterfield
Byers
Bynum
Cactus
Caddo_Mills
Caldwell
Callender_Lake
Callisburg
Calvert
Camargito
Cameron
Cameron_Park
Campbell
Campo_Verde
Camp_Swift
Camp_Wood
Canadian
Caney_City
Canton
Cantu_Addition
Canutillo
Canyon
Canyon_Creek
Canyon_Lake
Cape_Royale
Carbon
Carlsbad
Carl's_Corner
Carmine
Carrizo_Hill
Carrizo_Springs
Carrollton
Carthage
Casa_Blanca
Casas
Cashion_Community
Castle_Hills
Castroville
Catarina
Cedar_Hill
Cedar_Park
Cedar_Point
Celeste
Celina
Center
Centerville
Central_Gardens
Cesar_Chavez
Chandler
Channelview
Channing
Chaparrito
Chapeno
Charlotte
Chester
Chico
Childress
Chillicothe
Chilton
China
China_Grove
China_Spring
Chireno
Christine
Christoval
Chula_Vista
Chula_Vista
Chula_Vista
Cibolo
Cienegas_Terrace
Cinco_Ranch
Circle_D-KC_Estates
Cisco
Citrus_City
Clarendon
Clarksville
Clarksville_City
Claude
Clear_Lake_Shores
Cleburne
Cleveland
Clifton
Clint
Cloverleaf
Clute
Clyde
Coahoma
Cockrell_Hill
Coffee_City
Coldspring
Coleman
College_Station
Colleyville
Collinsville
Colmesneil
Colorado_Acres
Colorado_City
Columbus
Comanche
Combes
Combine
Comfort
Commerce
Como
Concepcion
Conroe
Converse
Cool
Coolidge
Cooper
Coppell
Copperas_Cove
Copper_Canyon
Corinth
Corpus_Christi
Corral_City
Corrigan
Corsicana
Cottonwood
Cottonwood_Shores
Cotulla
Country_Acres
Cove
Covington
Coyanosa
Coyote_Acres
Coyote_Flats
Crandall
Crane
Cranfills_Gap
Crawford
Creedmoor
Cresson
Crockett
Crosby
Crosbyton
Cross_Mountain
Cross_Plains
Cross_Roads
Cross_Timber
Crowell
Crowley
Crystal_City
Cuero
Cuevitas
Cumby
Cumings
Cuney
Cushing
Cut_and_Shoot
Daingerfield
Daisetta
Dalhart
Dallas
Dalworthington_Gardens
Damon
Danbury
Darrouzett
Dawson
Dayton
Dayton_Lakes
Dean
Decatur
DeCordova
Deer_Park
De_Kalb
De_Leon
Dell_City
Del_Mar_Heights
Delmita
Del_Rio
Del_Sol
Denison
Denton
Denver_City
Deport
DeSoto
Detroit
Devers
Devine
Deweyville
D'Hanis
Diboll
Dickens
Dickinson
Dilley
Dimmitt
DISH
Dodd_City
Dodson
Doffing
Domino
Donna
Doolittle
Dorchester
Double_Oak
Douglassville
Doyle
Driftwood
Dripping_Springs
Driscoll
Dublin
Dumas
Duncanville
Eagle_Lake
Eagle_Pass
Early
Earth
East_Alto_Bonito
East_Bernard
Eastland
East_Lopez
East_Mountain
Easton
East_Tawakoni
Ector
Edcouch
Eden
Edgecliff_Village
Edgewater_Estates
Edgewood
Edinburg
Edmonson
Edna
Edom
Edroy
Eidson_Road
Elbert
El_Brazil
El_Camino_Angosto
El_Campo
El_Castillo
El_Cenizo
El_Cenizo
El_Chaparral
Eldorado
Electra
Elgin
Elias-Fela_Solis
El_Indio
Elkhart
El_Lago
Elm_Creek
Elmendorf
El_Mesquite
Elmo
El_Paso
El_Quiote
El_Rancho_Vela
El_Refugio
Elsa
El_Socio
Emerald_Bay
Emhouse
Emory
Encantada-Ranchito-El_Calaboz
Enchanted_Oaks
Encinal
Encino
Ennis
Escobares
Escobar_I
Estelline
Eugenio_Saenz
Euless
Eureka
Eustace
Evadale
Evant
Evergreen
Everman
Fabens
Fabrica
Fairchilds
Fairfield
Fair_Oaks_Ranch
Fairview
Falconaire
Falcon_Heights
Falcon_Lake_Estates
Falcon_Mesa
Falcon_Village
Falfurrias
Falls_City
Falman
Fannett
Farmers_Branch
Farmersville
Farwell
Fate
Fayetteville
Faysville
Fernando_Salinas
Ferris
Fifth_Street
Flatonia
Flor_del_Rio
Florence
Floresville
Flowella
Flower_Mound
Floydada
Follett
Forest_Hill
Forney
Forsan
Fort_Bliss
Fort_Clark_Springs
Fort_Davis
Fort_Hancock
Fort_Hood
Fort_Stockton
Fort_Worth
Four_Corners
Four_Points
Fowlerton
Franklin
Frankston
Fredericksburg
Freeport
Freer
Fresno
Friendswood
Friona
Frisco
Fritch
Fronton
Fronton_Ranchettes
Frost
Fruitvale
Fulshear
Fulton
Gail
Gainesville
Galena_Park
Gallatin
Galveston
Ganado
Garceno
Garciasville
Garden_City
Gardendale
Garden_Ridge
Garfield
Garland
Garrett
Garrison
Gary_City
Garza-Salinas_II
Gatesville
George
George_West
Geronimo
Gholson
Giddings
Gilmer
Girard
Gladewater
Glenn_Heights
Glen_Rose
Glidden
Godley
Goldsmith
Goldthwaite
Goliad
Golinda
Gonzales
Goodlow
Goodrich
Gordon
Goree
Gorman
Graford
Graham
Granbury
Grand_Acres
Grandfalls
Grand_Prairie
Grand_Saline
Grandview
Granger
Granite_Shoals
Granjeno
Grape_Creek
Grapeland
Grapevine
Grays_Prairie
Greatwood
Green_Valley_Farms
Greenville
Gregory
Grey_Forest
Groesbeck
Groom
Groves
Groveton
Gruver
Guadalupe-Guerra
Guerra
Gun_Barrel_City
Gunter
Gustine
Guthrie
Gutierrez
Hackberry
Hale_Center
Hallettsville
Hallsburg
Hallsville
Haltom_City
Hamilton
Hamlin
Happy
Hardin
Hargill
Harker_Heights
Harlingen
Harper
Hart
Hartley
Haskell
Haslet
Havana
Hawk_Cove
Hawkins
Hawley
Hays
H._Cuellar_Estates
Hearne
Heath
Hebbronville
Hebron
Hedley
Hedwig_Village
Heidelberg
Helotes
Hemphill
Hempstead
Henderson
Henrietta
Hereford
Hermleigh
Hewitt
Hickory_Creek
Hico
Hidalgo
Hideaway
Higgins
Highland_Haven
Highland_Park
Highlands
Highland_Village
Hill_Country_Village
Hillcrest
Hillsboro
Hillside_Acres
Hilltop
Hilltop
Hilltop_Lakes
Hilshire_Village
Hitchcock
Holiday_Beach
Holiday_Lakes
Holland
Holliday
Holly_Lake_Ranch
Hollywood_Park
Homestead_Meadows_North
Homestead_Meadows_South
Hondo
Honey_Grove
Hooks
Horizon_City
Hornsby_Bend
Horseshoe_Bay
Horseshoe_Bend
Houston
Howardwick
Howe
Hubbard
Hudson
Hudson_Bend
Hudson_Oaks
Hughes_Springs
Hull
Humble
Hungerford
Hunters_Creek_Village
Huntington
Huntsville
Hurst
Hutchins
Hutto
Huxley
Iago
Idalou
Iglesia_Antigua
Impact
Imperial
Indian_Hills
Indian_Lake
Indian_Springs
Indio
Industry
Inez
Ingleside
Ingleside_on_the_Bay
Ingram
Iola
Iowa_Colony
Iowa_Park
Iraan
Iredell
Irving
Italy
Itasca
Ivanhoe
Ivanhoe_North
Jacinto_City
Jacksboro
Jacksonville
Jamaica_Beach
Jardin_de_San_Julian
Jarrell
Jasper
Jayton
Jefferson
Jersey_Village
Jewett
JF_Villarreal
Joaquin
Johnson_City
Jolly
Jollyville
Jones_Creek
Jones
Josephine
Joshua
Jourdanton
Juarez
Junction
Justin
Karnes_City
Katy
Kaufman
K-Bar_Ranch
Keene
Keller
Kemah
Kemp
Kempner
Kendleton
Kenedy
Kenefick
Kennard
Kennedale
Kerens
Kermit
Kerrville
Kilgore
Killeen
Kingsbury
Kingsland
Kingsville
Kirby
Kirbyville
Kirvin
Knippa
Knollwood
Knox_City
Kosse
Kountze
Kress
Krugerville
Krum
Kurten
Kyle
La_Blanca
La_Carla
La_Casita
La_Chuparosa
Lackland_AFB
La_Coma
LaCoste
Lacy-Lakeview
Ladonia
La_Escondida
La_Esperanza
La_Feria
La_Feria_North
Lago
Lago_Vista
Lago_Vista
La_Grange
La_Grulla
Laguna_Heights
Laguna_Park
Laguna_Seca
Laguna_Vista
La_Homa
La_Joya
Lake_Bridgeport
Lake_Brownwood
Lake_Bryan
Lake_Cherokee
Lake_City
Lake_Colorado_City
Lake_Dallas
Lake_Dunlap
Lakehills
Lake_Jackson
Lake_Kiowa
Lake_Medina_Shores
Lake_Meredith_Estates
Lakeport
Lakeshore_Gardens-Hidden_Acres
Lakeside
Lakeside
Lakeside_City
Lake_Tanglewood
Lakeview
Lake_View
Lakeway
Lakewood_Village
Lake_Worth
La_Loma_de_Falcon
Lamar
La_Marque
Lamesa
La_Minita
Lampasas
Lancaster
Lantana
La_Paloma
La_Paloma_Addition
La_Paloma-Lost_Creek
La_Paloma_Ranchettes
La_Porte
La_Presa
La_Pryor
La_Puerta
Laredo
Laredo_Ranchettes
Laredo_Ranchettes_West
La_Rosita
Lasana
Lasara
Las_Haciendas
Las_Lomas
Las_Lomitas
Las_Palmas
Las_Palmas_II
Las_Pilas
Las_Quintas_Fronterizas
Latexo
La_Tina_Ranch
Laughlin_AFB
Laureles
La_Vernia
La_Victoria
La_Villa
Lavon
La_Ward
Lawn
League_City
Leakey
Leander
Leary
Lefors
Leming
Leona
Leonard
Leon_Valley
Leroy
Levelland
Lewisville
Lexington
Liberty
Liberty_City
Liberty_Hill
Lincoln_Park
Lindale
Linden
Lindsay
Lindsay
Linn
Lipan
Lipscomb
Little_Elm
Littlefield
Little_River-Academy
Live_Oak
Liverpool
Livingston
Llano
Llano_Grande
Lockhart
Lockney
Log_Cabin
Lolita
Loma_Grande
Loma_Linda
Loma_Linda_East
Loma_Linda_East
Loma_Linda_West
Loma_Vista
Lometa
Lone_Oak
Lone_Star
Longoria
Longview
Loop
Lope�o
Lopezville
Loraine
Lorena
Lorenzo
Los_Altos
Los_Alvarez
Los_Angeles
Los_Arcos
Los_Arrieros
Los_Barreras
Los_Centenarios
Los_Corralitos
Los_Ebanos
Los_Ebanos
Los_Fresnos
Los_Fresnos
Los_Huisaches
Los_Indios
Los_Lobos
Los_Minerales
Los_Nopalitos
Lost_Creek
Los_Veteranos_I
Los_Veteranos_II
Los_Ybanez
Lott
Louise
Lovelady
Lowry_Crossing
Lozano
Lubbock
Lucas
Lueders
Lufkin
Luling
Lumberton
Lyford
Lytle
Mabank
McAllen
McCamey
McDade
Macdona
McGregor
McKinney
McKinney_Acres
McLean
McLendon-Chisholm
McQueeney
Madisonville
Magnolia
Malakoff
Malone
Manchaca
Manor
Mansfield
Manuel_Garcia
Manuel_Garcia_II
Manvel
Marathon
Marble_Falls
Marfa
Marietta
Marion
Markham
Marlin
Marquez
Marshall
Mart
Martindale
Martinez
Mason
Matador
Matagorda
Mathis
Maud
Mauriceville
Maypearl
Meadow
Meadowlakes
Meadows_Place
Medina
Megargel
Melissa
Melvin
Memphis
Menard
Mentone
Mercedes
Meridian
Merkel
Mertens
Mertzon
Mesquite
Mesquite
Mexia
Miami
Midland
Midlothian
Midway
Midway_North
Midway_South
Miguel_Barrera
Mikes
Mila_Doce
Milam
Milano
Mildred
Miles
Milford
Miller's_Cove
Millican
Millsap
Mineola
Mineral_Wells
Mingus
Mi_Ranchito_Estate
Mirando_City
Mission
Mission_Bend
Missouri_City
Mobeetie
Mobile_City
Monahans
Montague
Mont_Belvieu
Monte_Alto
Montgomery
Moody
Moore
Moore_Station
Moraida
Morales-Sanchez
Moran
Morgan
Morgan_Farm
Morgan's_Point
Morgan's_Point_Resort
Morning_Glory
Morse
Morton
Moulton
Mountain_City
Mount_Calm
Mount_Enterprise
Mount_Pleasant
Mount_Vernon
Muenster
Muleshoe
Mullin
Munday
Muniz
Murchison
Murillo
Murphy
Mustang
Mustang_Ridge
Myrtle_Springs
Nacogdoches
Naples
Narciso_Pena
Nash
Nassau_Bay
Natalia
Navarro
Navasota
Nazareth
Nederland
Needville
Nesbitt
Netos
Nevada
Newark
New_Berlin
New_Boston
New_Braunfels
Newcastle
New_Chapel_Hill
New_Deal
New_Fairview
New_Falcon
New_Home
New_Hope
New_London
New_Summerfield
New_Territory
Newton
New_Waverly
Neylandville
Niederwald
Nina
Nixon
Nocona
Nocona_Hills
Nolanville
Nome
Noonday
Nordheim
Normangee
Normanna
North_Alamo
North_Cleveland
North_Escobares
Northlake
North_Pearsall
North_Richland_Hills
Northridge
North_San_Pedro
Novice
Oak_Grove
Oakhurst
Oak_Island
Oak_Leaf
Oak_Point
Oak_Ridge
Oak_Ridge
Oak_Ridge_North
Oak_Trail_Shores
Oak_Valley
Oakwood
O'Brien
Odem
Odessa
O'Donnell
Oglesby
Oilton
Old_Escobares
Old_River-Winfree
Olivarez
Olivia_Lopez_de_Gutierrez
Olmito
Olmito_and_Olmito
Olmos_Park
Olney
Olton
Omaha
Onalaska
Opdyke_West
Orange
Orange_Grove
Orason
Orchard
Ore_City
Overton
Ovilla
Owl_Ranch
Oyster_Creek
Ozona
Pablo_Pena
Paducah
Paint_Rock
Paisano_Park
Palacios
Palestine
Palisades
Palmer
Palmhurst
Palm_Valley
Palmview
Palmview_South
Palo_Blanco
Paloma_Creek
Paloma_Creek_South
Palo_Pinto
Pampa
Panhandle
Panorama_Village
Pantego
Paradise
Paris
Parker
Pasadena
Pattison
Patton_Village
Pawnee
Payne_Springs
Pearland
Pearsall
Pecan_Acres
Pecan_Gap
Pecan_Grove
Pecan_Hill
Pecan_Plantation
Pecos
Pelican_Bay
Pena
Penelope
Penitas
Perezville
Perrin
Perryton
Petersburg
Petrolia
Petronila
Pettus
Pflugerville
Pharr
Pilot_Point
Pine_Forest
Pine_Harbor
Pinehurst
Pinehurst
Pine_Island
Pineland
Pinewood_Estates
Piney_Point_Village
Pittsburg
Placedo
Plains
Plainview
Plano
Pleak
Pleasant_Hill
Pleasanton
Pleasant_Valley
Plum_Grove
Point
Point_Blank
Point_Comfort
Point_Venture
Ponder
Port_Aransas
Port_Arthur
Porter_Heights
Port_Isabel
Portland
Port_Lavaca
Port_Mansfield
Port_Neches
Port_O'Connor
Post
Post_Oak_Bend_City
Poteet
Poth
Potosi
Pottsboro
Powderly
Powell
Poynor
Prado_Verde
Prairie_View
Premont
Presidio
Preston
Primera
Princeton
Progreso
Progreso_Lakes
Prosper
Providence
Pueblo_East
Pueblo_Nuevo
Putnam
Pyote
Quail
Quail_Creek
Quanah
Queen_City
Quemado
Quesada
Quinlan
Quintana
Quitaque
Quitman
Radar_Base
Rafael_Pena
Ralls
Ramireno
Ramirez-Perez
Ramos
Ranchette_Estates
Ranchitos_Del_Norte
Ranchitos_East
Ranchitos_Las_Lomas
Rancho_Alegre
Rancho_Banquete
Rancho_Chico
Ranchos_Penitas_West
Rancho_Viejo
Rancho_Viejo
Randolph_AFB
Ranger
Rangerville
Rankin
Ransom_Canyon
Ratamosa
Ravenna
Raymondville
Realitos
Redfield
Redford
Redland
Red_Lick
Red_Oak
Redwater
Redwood
Refugio
Regino_Ramirez
Reid_Hope_King
Reklaw
Relampago
Rendon
Reno
Reno
Retreat
Rhome
Ricardo
Rice
Richardson
Richland
Richland_Hills
Richland_Springs
Richmond
Richwood
Riesel
Rio_Bravo
Rio_Grande_City
Rio_Hondo
Rio_Vista
Rising_Star
Rivera
Rivereno
River_Oaks
Riverside
Riviera
Roanoke
Roaring_Springs
Robert_Lee
Robinson
Robs
Roby
Rochester
Rockdale
Rockport
Rocksprings
Rockwall
Rocky_Mound
Rogers
Rollingwood
Roma
Roma_Creek
Roman_Forest
Ropesville
Roscoe
Rosebud
Rose_City
Rose_Hill_Acres
Rosenberg
Rosharon
Rosita
Ross
Rosser
Rotan
Round_Mountain
Round_Rock
Round_Top
Rowlett
Roxton
Royse_City
Rule
Runaway_Bay
Runge
Rusk
Sabinal
Sachse
Sadler
Saginaw
St._Hedwig
St._Jo
St._Paul
St._Paul
Salado
Saline�o
Saline�o_North
Sammy_Martinez
Samnorwood
Sam_Rayburn
San_Angelo
San_Antonio
San_Augustine
San_Benito
San_Carlos
San_Carlos_I
San_Carlos_II
Sanctuary
Sanderson
Sandia
San_Diego
Sandoval
Sand_Springs
Sandy_Hollow-Escondidas
San_Elizario
San_Felipe
San_Fernando
Sanford
Sanger
San_Isidro
San_Juan
San_Juan
San_Leanna
San_Leon
San_Marcos
San_Patricio
San_Pedro
San_Perlita
San_Saba
Sansom_Park
Santa_Anna
Santa_Anna
Santa_Clara
Santa_Cruz
Santa_Fe
Santa_Maria
Santa_Monica
Santa_Rosa
Santa_Rosa
Santel
San_Ygnacio
Sarita
Savannah
Savoy
Scenic_Oaks
Schertz
Schulenburg
Scissors
Scotland
Scottsville
Scurry
Seabrook
Seadrift
Seagoville
Seagraves
Sealy
Sebastian
Seco_Mines
Seguin
Selma
Seminole
Serenada
Seth_Ward
Seven_Oaks
Seven_Points
Seymour
Shadybrook
Shady_Hollow
Shady_Shores
Shallowater
Shamrock
Shavano_Park
Sheldon
Shenandoah
Shepherd
Sherman
Sherwood_Shores
Shiner
Shoreacres
Sienna_Plantation
Sierra_Blanca
Siesta_Acres
Siesta_Shores
Silsbee
Silverton
Simonton
Sinton
Skelly
Skidmore
Slaton
Smiley
Smithville
Smyer
Snook
Snyder
Socorro
Solis
Somerset
Somerville
Sonora
Sour_Lake
South_Alamo
South_Fork_Estates
South_Houston
Southlake
South_La_Paloma
Southmayd
South_Mountain
South_Padre_Island
South_Point
Southside_Place
South_Toledo_Bend
Spade
Sparks
Spearman
Splendora
Spofford
Spring
Spring_Gardens
Springlake
Spring
Spring_Valley_Village
Spur
Stafford
Stagecoach
Stamford
Stanton
Staples
Star_Harbor
Stephenville
Sterling_City
Stinnett
Stockdale
Stonewall
Stowell
Stratford
Strawn
Streetman
Study_Butte
Sudan
Sugar_Land
Sullivan_City
Sulphur_Springs
Sundown
Sunnyvale
Sunray
Sunrise_Beach_Village
Sunset
Sunset
Sunset_Acres
Sunset_Valley
Sun_Valley
Surfside_Beach
Sweeny
Sweetwater
Taft
Taft_Southwest
Tahoka
Talco
Talty
Tanquecitos_South_Acres
Tanquecitos_South_Acres_II
Tatum
Taylor
Taylor_Lake_Village
Taylor_Landing
Teague
Tehuacana
Temple
Tenaha
Terlingua
Terrell
Terrell_Hills
Texarkana
Texas_City
Texhoma
Texline
The_Colony
The_Hills
The_Woodlands
Thompsons
Thompsonville
Thorndale
Thornton
Thorntonville
Thrall
Three_Rivers
Throckmorton
Thunderbird_Bay
Tierra_Bonita
Tierra_Dorada
Tierra_Grande
Tierra_Verde
Tiki_Island
Tilden
Timbercreek_Canyon
Timberwood_Park
Timpson
Tioga
Tira
Tivoli
Toco
Todd_Mission
Tolar
Tomball
Tom_Bean
Tool
Tornillo
Toyah
Tradewinds
Travis_Ranch
Trent
Trenton
Trinidad
Trinity
Trophy_Club
Troup
Troy
Tuleta
Tulia
Tulsita
Turkey
Tuscola
Tye
Tyler
Tynan
Uhland
Uncertain
Union_Grove
Union_Valley
Universal_City
University_Park
Utopia
Uvalde
Uvalde_Estates
Valentine
Valle_Hermoso
Valle_Verde
Valle_Vista
Valley_Mills
Valley_View
Val_Verde_Park
Van
Van_Alstyne
Vanderbilt
Van_Horn
Van_Vleck
Vega
Venus
Vernon
Victoria
Victoria_Vera
Vidor
Villa_del_Sol
Villa_Pancho
Villarreal
Villa_Verde
Vinton
Volente
Von_Ormy
Waco
Waelder
Wake_Village
Waller
Wallis
Walnut_Springs
Warren
Warren_City
Waskom
Watauga
Waxahachie
Weatherford
Webberville
Webster
Weimar
Weinert
Weir
Welch
Wellington
Wellman
Wells
Wells_Branch
Weslaco
West
West_Alto_Bonito
Westbrook
West_Columbia
Westdale
Western_Lake
Westlake
West_Lake_Hills
West_Livingston
Westminster
West_Odessa
Weston
Weston_Lakes
West_Orange
Westover_Hills
West_Sharyland
West_Tawakoni
West_University_Place
Westway
Westwood_Shores
Westworth_Village
Wharton
Wheeler
White_Deer
Whiteface
Whitehouse
White_Oak
Whitesboro
White_Settlement
Whitewright
Whitney
Wichita_Falls
Wickett
Wild_Peach_Village
Wildwood
Willis
Willow_Park
Wills_Point
Wilmer
Wilson
Wimberley
Windcrest
Windemere
Windom
Windthorst
Winfield
Wink
Winnie
Winnsboro
Winona
Winters
Wixon_Valley
Wolfe_City
Wolfforth
Woodbranch
Woodcreek
Woodloch
Woodsboro
Woodson
Woodville
Woodway
Wortham
Wyldwood
Wylie
Yantis
Yoakum
York
Yznaga
Zapata
Zapata_Ranch
Zarate
Zavalla
Zuehl
